Model,Accuracy,Precision,Recall,F1-score,ROC-AUC
Gradient Boosting,0.8062455642299503,0.6735395189003437,0.5240641711229946,0.5894736842105263,0.8432121728796921
Logistic Regression,0.8055358410220014,0.6572327044025157,0.5588235294117647,0.6040462427745664,0.8418739827946988
Random Forest,0.7750177430801988,0.5979381443298969,0.46524064171123,0.5233082706766917,0.8187036606473945
Decision Tree,0.7288857345635202,0.4896373056994819,0.5053475935828877,0.49736842105263157,0.6572657521506626
