Risk_Segment,Customer_Count,Average_Predicted_Churn_Probability,Actual_Churn_Rate,Average_Tenure,Average_MonthlyCharges
Low Risk,4374,0.09626020826336765,0.09830818472793781,42.40283493369913,57.301611796982165
Medium Risk,1630,0.4463414460502722,0.4233128834355828,20.380981595092024,73.53705521472392
High Risk,1039,0.696594383493803,0.7208854667949952,8.94995187680462,82.40033686236765
