Threshold,Precision,Recall,F1-score,Accuracy,Predicted_Churn_Customers
0.3,0.5193370165745856,0.7540106951871658,0.6150490730643402,0.7494677075940384,543
0.4,0.5694760820045558,0.6684491978609626,0.6150061500615006,0.7778566359119943,439
0.5,0.6572327044025157,0.5588235294117647,0.6040462427745664,0.8055358410220014,318
0.6,0.7177033492822966,0.40106951871657753,0.5145797598627787,0.7991483321504613,209
0.7,0.7391304347826086,0.18181818181818182,0.2918454935622318,0.765791341376863,92
